{"max_id":72,"k_values":[0,1,3,5,10,100,1000,5000,10000,1000000],"true":{"evidence_values":[-539.6110420514569,-125.65025649565897,-73.31404110660685,-59.55713639169949,-48.152447727183244,-36.92751620763738,-35.74841748946346,-35.64307742845267,-35.62990382872522,-35.61686658859253],"data_points":72},"self":{"evidence_values":[-539.6110420514569,-631.846351668364,-724.4015847016329,-778.6245837795295,-859.7471776071975,-1156.7486231675284,-1464.0838704241905,-1679.6403606915846,-1772.5085530728102,-2389.587954759598],"data_points":72},"random_coauthor":{"evidence_values":[-539.6110420514569,-554.0449404296903,-568.539243666573,-577.033310454123,-589.7432978256011,-636.284807355471,-684.4489017440869,-718.2301082209383,-732.784074347343,-829.4905435590704],"data_points":10},"affiliation":{"evidence_values":[-539.611042051457,-474.00888199066026,-501.44395813526194,-524.1108390689718,-561.7509280099871,-712.1990057929725,-872.2511744619114,-984.8109703767113,-1033.3186598345637,-1355.6680763959885],"data_points":72},"geo_affiliation":{"evidence_values":[-539.6110420514569,-539.6110420514569,-539.6110420514569,-539.6110420514569,-539.6110420514569,-539.6110420514569,-539.6110420514569,-539.6110420514569,-539.6110420514569,-539.6110420514569],"data_points":0},"geo_city":{"evidence_values":[-539.6110420514569,-543.1015268517345,-549.975031471266,-554.5203989990426,-561.5813301754313,-588.051387318678,-615.5661597408423,-634.869089774317,-643.1855654506896,-698.4463263568421],"data_points":58},"url":{"evidence_values":[-539.6110420514569,-511.166697522553,-532.747682410248,-549.4227264785918,-576.6982250557717,-684.5342052142147,-798.8957659970471,-879.2990616271705,-913.947841537694,-1144.1978511964403],"data_points":47},"lat_bert":{"evidence_values":[-539.6110420514569,-544.0312257826411,-556.2751272958199,-564.7941370145336,-578.3554031177086,-630.6453901591267,-685.5999310928746,-724.199022251647,-740.8311263285577,-851.3518105745316],"data_points":72},"lat_svd":{"evidence_values":[-539.6110420514569,-519.6633733725308,-514.6847570430994,-514.2916503693923,-515.2867155560887,-524.3703931005621,-535.6296509293024,-543.6542000416666,-547.1171048944816,-570.1401475667953],"data_points":72},"lat_matrix":{"evidence_values":[-539.611042051457,-522.4818972991474,-518.7050806829279,-518.71432550163,-520.0842170578637,-529.5856465537872,-540.892301818647,-548.9211225169711,-552.3845620024949,-575.4081339836121],"data_points":72},"lat_svd_singleDoc":{"evidence_values":[-539.6110420514569,-519.6633733725307,-514.6847570430994,-514.2916503693923,-515.2867155560887,-524.3703931005621,-535.6296509293024,-543.6542000416666,-547.1171048944816,-570.1401475667953],"data_points":72},"lat_matrix_singleDoc":{"evidence_values":[-539.611042051457,-513.7527488019002,-511.4078394974082,-513.5139933599305,-518.7703273970319,-545.0607434981939,-574.6173379432294,-595.5064184484072,-604.5131291728467,-664.3761744499207],"data_points":72},"lat_deepwalk":{"evidence_values":[-539.6110420514569,-393.77245049613543,-358.50298322245976,-348.90575575847515,-341.05956254538137,-334.8220102065425,-336.2199452131754,-337.74849324161187,-338.43152372166514,-343.0266708135605],"data_points":72},"lat_node2vec_largeP":{"evidence_values":[-539.6110420514569,-417.69760165377227,-377.39884364652914,-365.1452361928786,-354.0487202389894,-339.3313007108695,-338.8259275943765,-338.83265864581335,-338.83247960008157,-338.8320956360549],"data_points":72},"institutional":{"evidence_values":[-539.6110420514569,-521.5859222286496,-522.9023144712046,-525.9449501966677,-531.762044164572,-557.0197089168396,-584.4082950149314,-603.6999651887454,-612.0150329619646,-667.274393081665],"data_points":72},"lat_node2vec_smallP":{"evidence_values":[-539.6110420514569,-438.16816089692094,-409.3278091614646,-401.31645742035727,-394.74939609985586,-389.73873838941654,-391.26369058003183,-392.8035690234974,-393.4880162626505,-398.0845659971237],"data_points":72},"lat_hope":{"evidence_values":[-539.6110420514569,-347.904567076607,-301.99959413190913,-287.07113519811253,-274.457790443259,-264.9893548438067,-268.0810512113385,-271.16432620352134,-272.5336580062285,-281.72720366716385],"data_points":72},"diss_loc":{"evidence_values":[-539.6110420514569,-533.1698500942724,-558.8607458603129,-576.2696614504767,-603.6442180269431,-708.3631196563937,-818.2773134889129,-895.4758450571961,-928.7400955489419,-1149.7815156780698],"data_points":38},"syntactic_web":{"evidence_values":[-539.6110420514569,-564.4152076092978,-600.2320334095865,-622.6719240346085,-657.1594279837395,-786.6820945894206,-921.8684238650412,-1016.7657317896183,-1057.653970752358,-1329.3516359901796],"data_points":48},"link_distance":{"evidence_values":[-539.6110420514569,-549.3041795228945,-564.2765411023336,-573.8516460755807,-588.6030036489749,-643.731379221621,-701.0478826091949,-741.2617477594267,-758.5876666508939,-873.7141859732892],"data_points":47}}