{"max_id":2092,"k_values":[0,1,3,5,10,100,1000,5000,10000,1000000],"true":{"evidence_values":[-356785.14954132715,-141643.90577746014,-118260.68905365601,-112104.25777439112,-106995.81002787876,-101963.07515768241,-101434.11925536022,-101386.85971075296,-101380.94937056303,-101375.09477996826],"data_points":1930},"self":{"evidence_values":[-356785.14954132715,-397253.9840014464,-438039.65971890494,-461980.06642101443,-497833.89314670564,-629249.8989259931,-765296.1817028411,-860719.5245659649,-901830.9481282234,-1175003.6347122192],"data_points":2092},"random_coauthor":{"evidence_values":[-356785.14954132715,-395495.15382342495,-434641.8577103979,-457624.42387309903,-492046.0207491635,-618219.9219235153,-748841.9540044543,-840460.8846397875,-879933.2538088737,-1142214.9514376996],"data_points":2004},"affiliation":{"evidence_values":[-356785.14954132703,-339897.4982887802,-356505.2334097692,-368438.0252080234,-387535.87928776565,-461648.03107936564,-539774.1073613092,-594668.6478369832,-618323.2796081901,-775510.9560890198],"data_points":2092},"geo_affiliation":{"evidence_values":[-356785.14954132686,-357791.9433810249,-359137.7187267153,-359956.4323015066,-361199.14943502325,-365810.54827165214,-370603.9026584445,-373967.32988802035,-375416.4620965018,-385045.63683201815],"data_points":109},"geo_city":{"evidence_values":[-356785.1495413271,-376373.60602909094,-393928.76042041223,-402945.5123798495,-414555.2267851105,-440725.60521839256,-454551.20770671236,-462507.3658598626,-465846.14084760495,-487821.54711265507],"data_points":1689},"conference":{"evidence_values":[-356785.14954132715,-294958.4233331356,-283078.3427287392,-279892.6419118616,-277257.08744572056,-274689.1098962511,-274422.09853414074,-274398.2776927054,-274395.2990126908,-274392.35095596313],"data_points":2092},"url":{"evidence_values":[-356785.1495413271,-344571.9362472564,-355758.7120977642,-363838.2657581564,-376781.24355506344,-427022.0629673796,-479981.20317073166,-517191.97128867,-533226.4583782146,-639777.3701570225],"data_points":1163},"lat_bert":{"evidence_values":[-356785.1495413271,-319818.30370320566,-324456.7124419116,-330301.27385899937,-340838.8684186569,-385522.0310233922,-433869.25739221275,-467925.10408626497,-482603.9208327532,-580155.082321167],"data_points":2092},"lat_svd":{"evidence_values":[-356785.14954132715,-305575.148484232,-304896.8398762272,-308213.6519194029,-315302.76989887474,-348500.3698450953,-385359.7364587039,-411386.06919933856,-422606.77107679844,-497182.7350387573],"data_points":2092},"lat_matrix":{"evidence_values":[-356785.149541327,-314574.17536473635,-317648.3371635352,-322781.87983503495,-332370.2766916898,-373969.3542081164,-419261.963906385,-451184.97335501015,-464945.32853624225,-556394.5985565186],"data_points":2092},"lat_svd_singleDoc":{"evidence_values":[-356785.149541327,-305575.148484232,-304896.8398762272,-308213.6519194029,-315302.76989887474,-348500.3698450953,-385359.7364587039,-411386.06919933856,-422606.77107679844,-497182.7350387573],"data_points":2092},"lat_matrix_singleDoc":{"evidence_values":[-356785.14954132715,-324689.0957825677,-331846.56238335266,-338979.78189465596,-351341.90998188383,-402367.2465729527,-457164.91565771773,-495737.2987136543,-512361.6350221038,-622839.3662719727],"data_points":2092},"lat_deepwalk":{"evidence_values":[-356785.14954132703,-244369.26839589427,-226113.16371090375,-221340.7328022488,-217541.00178036038,-214948.47890934205,-216176.51844109708,-217309.53000928203,-217809.79809200505,-221161.9825628076],"data_points":1929},"lat_node2vec_largeP":{"evidence_values":[-356785.14954132715,-260574.98470146218,-245124.9959005856,-241482.12156594725,-239098.98143217934,-240786.0951423838,-246131.8697902907,-250131.39164216557,-251865.67566987613,-263415.2751729761],"data_points":1929},"institutional":{"evidence_values":[-356785.1495413271,-379160.55945329875,-399826.90753531246,-410542.2177390328,-424463.6017804839,-457001.3481033129,-475612.0109148392,-486660.20863586233,-491316.9070446299,-522015.67010713683],"data_points":2091},"lat_node2vec_smallP":{"evidence_values":[-356785.14954132726,-255279.95348953252,-238536.43524117421,-234318.2657667371,-231171.55019909376,-230382.00341263504,-233272.99723875264,-235558.24224197606,-236554.296330658,-243199.36154535154],"data_points":1929},"lat_hope":{"evidence_values":[-356785.14954132715,-266879.49659849436,-254372.86742825294,-252194.04387276733,-251851.9793377139,-260502.47690782344,-272877.3918713939,-281794.68184472364,-285647.1393691276,-311270.05495050293],"data_points":1929},"diss_loc":{"evidence_values":[-356785.14954132703,-366114.00554217445,-384940.3472367106,-396572.8485662644,-414315.4952560307,-480409.98191335064,-549191.2052489513,-597459.1041361237,-618255.5489018407,-756444.0160567908],"data_points":1035},"syntactic_web":{"evidence_values":[-356785.1495413271,-376511.82179668255,-397327.1409341925,-409381.8501507287,-427052.1941972481,-488314.2473704657,-549094.7189600212,-591416.0541357031,-609634.1994452111,-730652.4620596408],"data_points":1199},"link_distance":{"evidence_values":[-356785.149541327,-372388.50643156434,-387507.32713316847,-395697.4763202145,-406878.5573204456,-438595.29508863005,-464316.2459575132,-481479.6520433508,-488830.3031242423,-537570.0327804025],"data_points":1163}}